id	name	cost	letter
ala__L	L-Alanine	0.043259277541006	A
arg__L	L-Arginine	0.104386517544602	R
asn__L	L-Asparagine	0.055484725541726	N
asp__L	L-Aspartate	0.047961372925899	D
cys__L	L-Cysteine	0.08839939323597	C
gln__L	L-Glutamine	0.072412268927337	Q
glu__L	L-Glutamate	0.068650592619423	E
gly	Glycine	0.027815124724782	G
his__L	L-Histidine	0.108618403391005	H
ile__L	L-Isoleucine	0.119433222776256	I
leu__L	L-Leucine	0.107207774775535	L
lys__L	L-Lysine	0.111909870160429	K
met__L	L-Methionine	0.145556471953506	M
phe__L	L-Phenylalanine	0.160811662163306	F
pro__L	L-Proline	0.086518555082013	P
ser__L	L-Serine	0.040438020310071	S
thr__L	L-Threonine	0.069591011696402	T
trp__L	L-Tryptophan	0.195708587466695	W
tyr__L	L-Tyrosine	0.154286655024321	Y
val__L	L-Valine	0.085578136005033	V
